promocion, 0.412648
lru, 0.404613
plru_tree, 0.403536
ship, 0.401822
drrip, 0.394029
srrip, 0.386592
plru_basic, 0.381527
