promocion, 1.52755
plru_basic, 1.5274
drrip, 1.52699
plru_tree, 1.52695
ship, 1.5268
srrip, 1.52669
lru, 1.52667
